{
    "cameras": {
        "None": {
            "top": 0,
            "bottom": 0,
            "left": 0,
            "right": 0
        },
        "0": {
            "top": 0.40499999999999997,
            "bottom": 0.12600000000000003,
            "left": 0.45,
            "right": 0.2835
        },
        "rtsp://admin:@192.168.0.168:554/0": {
            "top": 0.26549999999999996,
            "bottom": 0.27449999999999997,
            "left": 0.17999999999999997,
            "right": 0.18899999999999997
        }
    },
    "ball": {
        "color": "green"
    },
    "wall": {
        "side": "right"
    }
}