{
    "cameras": {
        "None": {
            "top": 0,
            "bottom": 0,
            "left": 0,
            "right": 0
        },
        "0": {
            "top": 0.35100000000000003,
            "bottom": 0.06749999999999996,
            "left": 0.3060000000000001,
            "right": 0
        },
        "rtsp://admin:@192.168.0.168:554/0": {
            "top": 0.26549999999999996,
            "bottom": 0.27449999999999997,
            "left": 0.17999999999999997,
            "right": 0.18899999999999997
        }
    },
    "ball": {
        "color": "green"
    },
    "wall": {
        "side": "right"
    }
}